{
    "name": "chunk 1 , 6",
    "chunkMesh": {
        "instanceID": -181308
    },
    "material": {
        "instanceID": 25588
    },
    "position": {
        "x": 64.0,
        "y": 0.0,
        "z": 384.0
    },
    "objectNames": [
        "Tree2(Clone)000"
    ],
    "objects": [
        {
            "instanceID": -181318
        }
    ],
    "objectMeshes": [
        {
            "instanceID": 25592
        }
    ],
    "objectMaterials": [
        {
            "instanceID": 25596
        }
    ],
    "objectPos": [
        {
            "x": 118.2491683959961,
            "y": 51.76470947265625,
            "z": 435.37127685546877
        }
    ]
}