{
    "name": "chunk 5 , 2",
    "chunkMesh": {
        "instanceID": -140520
    },
    "material": {
        "instanceID": 29018
    },
    "position": {
        "x": 320.0,
        "y": 0.0,
        "z": 128.0
    },
    "objectNames": [
        "Tree2(Clone)"
    ],
    "objects": [
        {
            "instanceID": -140530
        }
    ],
    "objectMeshes": [
        {
            "instanceID": 29024
        }
    ],
    "objectMaterials": [
        {
            "instanceID": 29022
        }
    ],
    "objectPos": [
        {
            "x": 326.0802307128906,
            "y": 48.875160217285159,
            "z": 179.53634643554688
        }
    ]
}