{
    "name": "chunk 2 , 7",
    "chunkMesh": {
        "instanceID": -139828
    },
    "material": {
        "instanceID": 29018
    },
    "position": {
        "x": 128.0,
        "y": 0.0,
        "z": 448.0
    },
    "objectNames": [
        "Tree2(Clone)"
    ],
    "objects": [
        {
            "instanceID": -139838
        }
    ],
    "objectMeshes": [
        {
            "instanceID": 29024
        }
    ],
    "objectMaterials": [
        {
            "instanceID": 29022
        }
    ],
    "objectPos": [
        {
            "x": 191.61712646484376,
            "y": 42.261085510253909,
            "z": 465.51116943359377
        }
    ]
}