{
    "npcName": "NPC_Father(Clone)",
    "position": {
        "x": 318.27679443359377,
        "y": 37.254905700683597,
        "z": 288.6497802734375
    },
    "questName": "Zombie Kill Quest 1",
    "rewardPoints": 100,
    "questType": 0,
    "questStatus": 0
}