{
    "npcName": "NPC_Father(Clone)",
    "position": {
        "x": 235.07595825195313,
        "y": 43.10746765136719,
        "z": 406.275390625
    },
    "questName": "Zombie Kill Quest 2",
    "rewardPoints": 150,
    "questType": 1,
    "questStatus": 0
}