{
    "npcName": "NPC_Father(Clone)",
    "position": {
        "x": 297.043701171875,
        "y": 45.09804153442383,
        "z": 397.41778564453127
    },
    "questName": "Zombie Kill Quest 1",
    "rewardPoints": 100,
    "questType": 0,
    "questStatus": 0
}