{
    "npcName": "NPC_Father(Clone)",
    "position": {
        "x": 316.6097106933594,
        "y": 36.47058868408203,
        "z": 312.83721923828127
    },
    "questName": "Zombie Kill Quest 1",
    "rewardPoints": 100,
    "questType": 0,
    "questStatus": 0
}