{
    "npcName": "NPC_Father(Clone)",
    "position": {
        "x": 309.52996826171877,
        "y": 37.647064208984378,
        "z": 302.0411376953125
    },
    "questName": "Zombie Kill Quest 1",
    "rewardPoints": 100,
    "questType": 0,
    "questStatus": 0
}