{
    "npcName": "NPC_Father(Clone)",
    "position": {
        "x": 298.08880615234377,
        "y": 45.09803771972656,
        "z": 398.5528869628906
    },
    "questName": "Zombie Kill Quest 1",
    "rewardPoints": 100,
    "questType": 0,
    "questStatus": 0
}