{
    "npcName": "NPC_Father(Clone)",
    "position": {
        "x": 308.88134765625,
        "y": 37.25490188598633,
        "z": 313.6070251464844
    },
    "questName": "Zombie Kill Quest 1",
    "rewardPoints": 100,
    "questType": 0,
    "questStatus": 0
}