{
    "npcName": "NPC_Father(Clone)",
    "position": {
        "x": 318.9938049316406,
        "y": 36.47058868408203,
        "z": 313.78289794921877
    },
    "questName": "Zombie Kill Quest 1",
    "rewardPoints": 100,
    "questType": 0,
    "questStatus": 0
}