{
    "npcName": "NPC_Father(Clone)",
    "position": {
        "x": 309.2060852050781,
        "y": 37.25490188598633,
        "z": 313.16748046875
    },
    "questName": "Zombie Kill Quest 1",
    "rewardPoints": 100,
    "questType": 0,
    "questStatus": 0
}